{"cameraMode":{"drawMode":0,"name":"Shaded","section":"Shading Mode"},"sceneLighting":true,"audioPlay":false,"sceneViewState":{"showFog":true,"showMaterialUpdate":false,"showSkybox":true,"showFlares":true,"showImageEffects":true,"showParticleSystems":true},"in2DMode":false,"pivot":{"x":425.5575256347656,"y":44.78800964355469,"z":-71.02032470703125},"rotation":{"x":-0.21680942177772523,"y":-0.023540237918496133,"z":-0.008919326588511467,"w":-0.9783610105514526},"size":234.8519287109375,"orthographic":false}