{"cameraMode":{"drawMode":0,"name":"Shaded","section":"Shading Mode"},"sceneLighting":true,"audioPlay":false,"sceneViewState":{"showFog":true,"showMaterialUpdate":false,"showSkybox":true,"showFlares":true,"showImageEffects":true,"showParticleSystems":true},"in2DMode":false,"pivot":{"x":62.83122253417969,"y":-24.612876892089845,"z":10.647994041442871},"rotation":{"x":-0.2481406331062317,"y":-0.6376063823699951,"z":0.2059507966041565,"w":-0.7030678987503052},"size":61.67619705200195,"orthographic":false}