{"cameraMode":{"drawMode":0,"name":"Shaded","section":"Shading Mode"},"sceneLighting":true,"audioPlay":false,"sceneViewState":{"showFog":true,"showMaterialUpdate":false,"showSkybox":true,"showFlares":true,"showImageEffects":true,"showParticleSystems":true},"in2DMode":false,"pivot":{"x":527.3712158203125,"y":-1129.6824951171875,"z":707.5120239257813},"rotation":{"x":0.5361429452896118,"y":0.03570186346769333,"z":-0.006377043202519417,"w":0.8461974859237671},"size":952.8934936523438,"orthographic":false}